Lab Name,UKAS Number,Address,Telephone Number,Email Address,Website,Discipline(s),Flags,Org Type,Postcode,OSEAST100M,OSNRTH100M
East Suffolk and North Essex NHS Foundation Trust,27661,"Histopathology, Colchester Hospital, Turner Road, Colchester, Essex CO4 5JL, United Kingdom",+44 (0)7565 803455,bonita.dyers@esneft.nhs.uk,http://www.ESNEFT.nhs.uk/,Histopathology,Unclassified by keywords; Added histopathology by rule,NHS,CO4 5JL,5995,2274
West Suffolk NHS Foundation Trust,21736,"Cellular Pathology, West Suffolk Hospital, Hardwick Lane, Bury St Edmunds IP33 2QZ, United Kingdom",+44 (0) 1284 713091,David.cusack@wsh.nhs.uk,https://www.wsh.nhs.uk/Home.aspx,Histopathology,Unclassified by keywords; Added histopathology by rule,NHS,IP33 2QZ,5851,2627
The Robert Jones and Agnes Hunt Orthopaedic Hospital NHS Foundation Trust,21187,"Department of Histopathology, Gobowen, Oswestry SY10 7AG, United Kingdom",+44 (0) 1691 404148,rjah.histology@nhs.net,https://www.rjah.nhs.uk/,Histopathology,,NHS,SY10 7AG,3306,3323
Norfolk and Norwich University NHS Foundation Trust trading as Eastern Pathology Alliance,20494,"Blood Sciences Laboratory, Queen Elizabeth Hospital, Gayton Road, Kings Lynn PE30 4ET, United Kingdom",+44 (0)1603 286900,Fiona.Butcher@nnuh.nhs.uk,,"Biochemistry, Histopathology",Added histopathology by rule,NHS,PE30 4ET,5652,3204
Norfolk and Norwich University Hospitals NHS Foundation Trust trading as Eastern Pathology Alliance,21363,"Blood Sciences Laboratory, James Paget University Hospital, Lowestoft Road, Gorleston-on-Sea, Great Yarmouth NR31 6LA, United Kingdom",+44 (0)1603 286900,david.stokley@nnuh.nhs.uk,,"Biochemistry, Histopathology",Added histopathology by rule,NHS,NR31 6LA,6520,3024
University Hospitals Sussex NHS Foundation Trust,8267,"Cellular Pathology, St Richard's Hospital, Spitalfield Lane, Chichester, West Sussex PO19 6SE, United Kingdom",+44 (0)1243788122 ext. 32063,liza.faustino@nhs.net,http://www.uhsussex.nhs.uk,Histopathology,Unclassified by keywords; Added histopathology by rule,NHS,PO19 6SE,4868,1056
University Hospitals Sussex NHS Foundation Trust,9337,"Department of Cellular Pathology, The Royal Sussex County Hospital, Adj Thomas Kemp Tower Block, Eastern Road, Brighton BN2 5BE, United Kingdom",+44 (0) 1273 667042 / 664591,liza.faustino@nhs.net,http://www.frontierpathology.nhs.uk,Histopathology,Unclassified by keywords; Added histopathology by rule,NHS,BN2 5BE,5326,1039
Northern Care Alliance NHS Foundation Trust,9902,"Cellular Pathology Department, Level 2 Turnberg Building, Salford Royal Hospital, Stott Lane, Salford M6 8HD, United Kingdom",+44 (0) 161 206 5016,louise.bell@nca.nhs.uk,http://www.srft.nhs.uk/paws/cellular-pathology/,Histopathology,Unclassified by keywords; Added histopathology by rule,NHS,M6 8HD,3786,3990
Kettering General Hospital NHS Foundation Trust,8118,"Pathology, Kettering General Hospital, Rothwell Road, Kettering NN16 8UZ, United Kingdom",+44 (0) 1536 492825,caroline.parkes@nhs.net,http://www.kgh.nhs.uk,Histopathology,Unclassified by keywords; Added histopathology by rule,NHS,NN16 8UZ,4857,2790
University Hospitals Bristol and Weston NHS Foundation Trust,8382,"Pathology Laboratory, Weston General Hospital, Grange Road, Uphill, Weston-super-Mare, North Somerset BS23 4TQ, United Kingdom",+44 (0) 117 3422575,Adrian.brown@uhbw.nhs.uk,,Histopathology,Unclassified by keywords; Added histopathology by rule,NHS,BS23 4TQ,3324,1585
Royal Cornwall Hospitals NHS Trust,8869,"Royal Cornwall Hospitals NHS Trust, RCHT Pathology Service , c/o Microbiology Department, Royal Cornwall Hospital, Truro, Cornwall TR1 3LQ, United Kingdom",+44 (0)1872 252582,sarahpointon@nhs.net,http://www.rcht.nhs.uk,Histopathology,Unclassified by keywords; Added histopathology by rule,NHS,TR1 3LQ,1797,453
University College London Hospitals NHS Foundation Trust,8116,"National Hospital for Neurology & Neurosurgery, Neuropathology, 1st floor, UCL Institute of Neurology, Queen Square, London WC1N 3BG, United Kingdom",+44 (0)203 448 4250,vaneeshagibbons@nhs.net,https://www.ucl.ac.uk/ion/divisions/neuropathology,Histopathology,Unclassified by keywords; Added histopathology by rule,NHS,WC1N 3BG,5303,1820
Royal Devon University Healthcare NHS Foundation Trust,8123,"Cellular Pathology, Royal Devon & Exeter Hospital, Church Lane, Exeter, Devon EX2 5AD, United Kingdom",+44 (0)1392 406403,leah.riley1@nhs.net,http://www.exeterlaboratory.com/cellular-pathology/,Histopathology,Unclassified by keywords; Added histopathology by rule,NHS,EX2 5AD,2937,920
Calderdale and Huddersfield NHS Foundation Trust,8992,"Pathology, Huddersfield Royal Infirmary, Acre Street, Lindley HD3 3EA, United Kingdom",+44 (0) 1484 355365,Alison.Milner@cht.nhs.uk,http://www.cht.nhs.uk,Histopathology,Unclassified by keywords; Added histopathology by rule,NHS,HD3 3EA,4122,4176
Synnovis Analytics LLP,8620,"Department of Clinical Neuropathology, Kingâ€™s College Hospital NHS Foundation Trust, Denmark Hill, London SE5 9RS, United Kingdom",+44 020 7188 7188 ext. 54607,karen.boniface@synnovis.co.uk,http://www.synnovis.co.uk,Histopathology,Unclassified by keywords; Added histopathology by rule,NHS,SE5 9RS,5324,1760
Imperial College Healthcare NHS Trust operating as North West London Pathology,8674,"St Mary's Hospital, 2nd Floor Mint Wing, Praed Street, London W2 1NY, United Kingdom",,pathologyqueries@imperial.nhs.uk,http://www.pathology.imperial.nhs.uk,Histopathology,Unclassified by keywords; Added histopathology by rule,NHS,W2 1NY,5268,1813
North West Anglia NHS Foundation Trust,8055,"Pathology Department, Department 413, Peterborough City Hospital, Edith Cavell Campus, Bretton Gate PE3 9GZ, United Kingdom",+44 (0)1733678441,kerry.winham-whyte@nhs.net,http://www.peterboroughandstamford.nhs.uk/,Histopathology,Unclassified by keywords; Added histopathology by rule,NHS,PE3 9GZ,5166,2998
NHS Fife,8816,"Department of Cellular Pathology, North Laboratories, Hayfield Road, Kirkcaldy, Fife KY2 5AH, United Kingdom",+44 (0) 1592 643355 ext 28488,derek.selbie@nhs.scot,,Histopathology,Unclassified by keywords; Added histopathology by rule,NHS,KY2 5AH,3279,6930
Maidstone & Tunbridge Wells NHS Trust,8062,"Cellular Pathology Department, Maidstone Hospital, Hermitage Lane, Maidstone ME16 9QQ, United Kingdom",+44 (0)1622 224040,Hayley.williams15@nhs.net,,Histopathology,Unclassified by keywords; Added histopathology by rule,NHS,ME16 9QQ,5733,1556
The Royal Wolverhampton NHS Trust operating as Black Country Pathology Services,8665,"Department of Cellular Pathology, Pathology Centre C37, New Cross Hospital, Wolverhampton Road, Wolverhampton WV10 0QP, United Kingdom",+44 (0)1902 07999 ext. 88247,katy.new@nhs.net,http://www.royalwolverhampton.nhs.uk/,Histopathology,Unclassified by keywords; Added histopathology by rule,NHS,WV10 0QP,3936,3002
"UK Health Security Agency, An Executive Agency of the Department of Health and Social Care",8043,"Infection Sciences Laboratory, Pathology Building, Southmead Hospital, Southmead Road, Westbury on Trym, Bristol BS10 5NB, United Kingdom",+44 (0) 117 414 6251,Deborah.Williams2@nbt.nhs.uk,,"Histopathology, Microbiology",Added histopathology by rule,NHS,BS10 5NB,3590,1774
North Bristol NHS Trust,9307,"Bristol Genetics Laboratory, Pathology Sciences Building, Southmead Hospital, Westbury on Trym BS10 5NB, United Kingdom",+44 (0)1174 146 168,Laura.Johnston@nbt.nhs.uk,http://www.nbt.nhs.uk/severn-pathology/pathology-services/bristol-genetics-laboratory-bgl,Histopathology,Unclassified by keywords; Added histopathology by rule,NHS,BS10 5NB,3590,1774
Norfolk & Norwich University Hospitals NHS Foundation Trust,8405,"Norfolk and Waveney, Cellular Pathology Service, The Cotman Centre, Colney Lane, Norwich NR4 7UB, United Kingdom",+44 (0) 1603 286 950,laurawright2@nnuh.nhs.uk,http://www.nnuh.nhs.uk/,Histopathology,Unclassified by keywords; Added histopathology by rule,NHS,NR4 7UB,6182,3078
York and Scarborough Teaching Hospitals NHS Foundation Trust,9844,"Pathology Department, Pathology Building, Hull Royal Infirmary, Anlaby Road, Hull HU3 2JZ, United Kingdom",+44 (0)148 260 7722,david.oglesby@nhs.net,http://www.hey.nhs.uk,Histopathology,Unclassified by keywords; Added histopathology by rule,NHS,HU3 2JZ,5083,4287
University Hospitals of Leicester NHS Trust,8608,"Department of Cellular Pathology, Sandringham Building, Leicester Royal Infirmary, Infirmary Square, Leicester LE1 5WW, United Kingdom",+44 (0) 116 258 6591,diana.cullen@nhs.net,http://www.leicestershospitals.nhs.uk,Histopathology,Unclassified by keywords; Added histopathology by rule,NHS,LE1 5WW,4585,3035
The Royal Wolverhampton Hospitals NHS Trust operating as Black Country Pathology Services,9578,"Department of Haematology, Russellâ€™s Hall Hospital, Pensnett Road, Dudley, West Midlands DY1 2HQ, United Kingdom",+44 (0)1384 244047,katy.new@nhs.net,http://www.dudleygroup.nhs.uk,Histopathology,Unclassified by keywords; Added histopathology by rule,NHS,DY1 2HQ,3921,2893
Buckinghamshire Healthcare NHS Trust,9448,"Department of Cellular Pathology, Wycombe Hospital, Queen Alexandra Road, High Wycombe HP11 2TT, United Kingdom",+44 (0)1494 426056,Anna.Clarke11@nhs.net,http://www.buckshealthcare.nhs.uk,Histopathology,Unclassified by keywords; Added histopathology by rule,NHS,HP11 2TT,4863,1926
Northern Lincolnshire and Goole NHS Foundation Trust,8833,"Path Links NHS Pathology Service, Diana Princess of Wales Hospital, Scartho Road, Grimsby DN33 2BA, United Kingdom",+44 (0)1536 493368,James.maclean@nhs.net,,Histopathology,Unclassified by keywords; Added histopathology by rule,NHS,DN33 2BA,5262,4070
Oxford University Hospitals NHS Foundation Trust,8415,"Cellular Pathology, John Radcliffe Hospital, Headley Way, Headington, Oxford OX3 9DU, United Kingdom",+44 (0)1865-220494,sharon.roberts-gant@ouh.nhs.uk,https://www.ouh.nhs.uk,Histopathology,Unclassified by keywords; Added histopathology by rule,NHS,OX3 9DU,4539,2075
The Royal Wolverhampton NHS Trust operating as Black Country Pathology Services,9580,"Immunology, Pathology Department (C37), New Cross Hospital, Wolverhampton Road, Wolverhampton WV10 0QP, United Kingdom",+44 (0)1902 307999 ext. 88247,katy.new@nhs.net,http://bcpathology.org.uk,Histopathology,Unclassified by keywords; Added histopathology by rule,NHS,WV10 0QP,3936,3002
The Mid Yorkshire Teaching NHS Trust,9026,"Dewsbury and District Hospital, Pathology, Halifax Road, Dewsbury, Yorkshire WF13 4HS, United Kingdom",+44 (0) 1924 317 003,enaylor1@nhs.net,https://www.midyorks.nhs.uk,Histopathology,Unclassified by keywords; Added histopathology by rule,NHS,WF13 4HS,4230,4229
University Hospitals Dorset NHS Foundation Trust,9073,"Haematology Department, Dorset Pathology Hub, Royal Bournemouth Hospital, Castle Lane East, Bournemouth BH7 7DW, United Kingdom",+44 (0) 300 019 4879,nathan.bourne@uhd.nhs.uk,https://www.uhd.nhs.uk/,Histopathology,Unclassified by keywords; Added histopathology by rule,NHS,BH7 7DW,4127,942
University Hospitals Dorset NHS Foundation Trust,9081,"Department of Immunology, Dorset Pathology Hub, Royal Bournemouth Hospital, Castle Lane East, Bournemouth BH7 7DW, United Kingdom",+44 (0) 300 019 4879,nathan.bourne@uhd.nhs.uk,http://www.uhd.nhs.uk,Histopathology,Unclassified by keywords; Added histopathology by rule,NHS,BH7 7DW,4127,942
University Hospitals Dorset NHS Foundation Trust,9147,"Cellular Pathology Department, The Dorset Pathology Hub, Royal Bournemouth Hospital, Castle Lane East, Bournemouth BH7 7DW, United Kingdom",+44 (0) 300 019 4879,nathan.bourne@uhd.nhs.uk,http://www.uhd.nhs.uk,Histopathology,Unclassified by keywords; Added histopathology by rule,NHS,BH7 7DW,4127,942
University Hospitals Sussex NHS Foundation Trust,9677,"The Department of Haematology, Brighton and Sussex Pathology, The Royal Sussex County Hospital, Adj Thomas Kemp Tower, Eastern Road, Brighton BN2 5BE, United Kingdom",+44 (0) 1273 696955 ext 3678,liza.faustino@nhs.net,http://www.frontierpathology.nhs.uk/pug/,Histopathology,Unclassified by keywords; Added histopathology by rule,NHS,BN2 5BE,5326,1039
Northern Care Alliance NHS Foundation Trust,9880,"Cellular Pathology and Mortuary Service, Royal Oldham Hospital, Rochdale Road, Oldham, Manchester OL1 2JH, United Kingdom",+44 (0)161 627 8357,amanda.ogden@nca.nhs.uk,http://www.pat.nhs.uk/,Histopathology,Unclassified by keywords; Added histopathology by rule,NHS,OL1 2JH,3920,4062
Portsmouth Hospitals University NHS Trust,8625,"Department of Cellular Pathology, Pathology Centre, Queen Alexandra Hospital, Portsmouth PO6 3LY, United Kingdom",+44 023 9228 6718,Michelle.Jackson@porthosp.nhs.uk,http://www.porthosp.nhs.uk,Histopathology,Unclassified by keywords; Added histopathology by rule,NHS,PO6 3LY,4655,1060
Lancashire Teaching Hospitals NHS Foundation Trust,8544,"Department of Cellular Pathology, Royal Preston Hospital, Sharoe Green Lane, Fulwood, Preston PR2 9HT, United Kingdom",+44 (0) 1772 523108,carron.wilson@lthtr.nhs.uk,http://www.lancsteachinghospitals.nhs.uk,Histopathology,Unclassified by keywords; Added histopathology by rule,NHS,PR2 9HT,3535,4330
Frimley Health NHS Foundation Trust,9727,"Department of Histopathology, Royal Surrey County Hospital, Egerton Road, Guildford GU2 7XX, United Kingdom",+44 (0) 1276 522194 / 01932 723424,fph-tr.bspsquality@nhs.net,http://www.nhspathology.fph.nhs.uk,Histopathology,Unclassified by keywords; Added histopathology by rule,NHS,GU2 7XX,4973,1500
Milton Keynes University Hospital NHS Foundation Trust,8429,"Department of Pathology, Milton Keynes University Hospital NHS Foundation T, Standing Way, Eaglestone, Milton Keynes MK6 5LD, United Kingdom",+44 (0)1908 995812,rebecca.potter@mkuh.nhs.uk,http://www.mkhospital.nhs.uk,Histopathology,Unclassified by keywords; Added histopathology by rule,NHS,MK6 5LD,4868,2371
Sheffield Teaching Hospitals NHS Foundation Trust,8448,"Department of Pathology, Barnsley Hospital, Gawber Road, Barnsley S75 2EP, United Kingdom",+44 (0) 1226 432289,sth.sybpqrg@nhs.net,http://www.barnsleyhospital.nhs.uk/pathology,Histopathology,Unclassified by keywords; Added histopathology by rule,NHS,S75 2EP,4332,4070
Portsmouth Hospitals University NHS Trust,8660,"Microbiology Department, Pathology Building, Queen Alexandra Hospital, Portsmouth PO6 3LY, United Kingdom",+44 (0)23 92286784,Alexander.Walster@porthosp.nhs.uk,http://www.porthosp.nhs.uk/,Histopathology,Unclassified by keywords; Added histopathology by rule,NHS,PO6 3LY,4655,1060
Portsmouth Hospitals University NHS Trust,8627,"Blood Sciences (Biochemistry & Haematology), Pathology Building, Queen Alexandra Hospital, Portsmouth PO6 3LY, United Kingdom",+44 (0) 239228 6784,victoria.hunt@porthosp.nhs.uk,http://www.porthosp.nhs.uk/departments/Pathology/pathology.htm,"Biochemistry, Histopathology",Added histopathology by rule,NHS,PO6 3LY,4655,1060
Gloucestershire Hospitals NHS Foundation Trust,9577,"Department of Histopathology, Cheltenham General Hospital, Sandford Road, Cheltenham GL53 7AN, United Kingdom",+44 (0)300 422 4400,andrew.usher1@nhs.net,http://www.gloshospitals.nhs.uk,Histopathology,Unclassified by keywords; Added histopathology by rule,NHS,GL53 7AN,3951,2215
University Hospitals Coventry and Warwickshire NHS Trust,8719,"Coventry and Warwickshire Pathology Service, Department of Biochemistry and Immunology, Clifford Bridge Road, Walsgrave, Coventry CV2 2DX, United Kingdom",+44 (0) 2476 865477,Kamaljit.chatha@uhcw.nhs.uk,http://www.uhcw.nhs.uk,Histopathology,Unclassified by keywords; Added histopathology by rule,NHS,CV2 2DX,4382,2805
The Royal Marsden NHS Foundation Trust,9929,"Department of Histopathology/Cytopathology, Fulham Road, London SW3 6JJ, United Kingdom",+44 (0)208 915 6549,Natalie.Peters@rmh.nhs.uk,,Histopathology,Unclassified by keywords; Added histopathology by rule,NHS,SW3 6JJ,5269,1784
Imperial College Healthcare NHS Trust operating as North West London Pathology,8659,"Department of Infection & Immunity Sciences, (Microbiology, I&I and H&I laboratories) Acrow East, St Mary's Hospital, Praed Street, London W2 1NY, United Kingdom",+44 (0)20 331 15175,imperial.nwlpquality@nhs.net,,"Histopathology, Immunology, Microbiology",Multiple disciplines; Added histopathology by rule,NHS,W2 1NY,5268,1813
Stockport NHS Foundation Trust,9594,"Blood Sciences Department, Pathology Laboratory, Stepping Hill Hospital, Poplar Grove, Stockport SK2 7JE, United Kingdom",+44 (0)161 419 5630,parmesher.singh@stockport.nhs.uk,http://www.stockport.nhs.uk,"Biochemistry, Histopathology",Added histopathology by rule,NHS,SK2 7JE,3913,3874
Northampton General Hospital NHS Trust,8115,"Cellular Pathology, Pathology Department, Northampton General Hospital, Cliftonville, Northampton, Northamptonshire NN1 5BD, United Kingdom",+44 (0)1604 523809,Josephine.evans7@nhs.net,http://www.northamptongeneral.nhs.uk/OurServices/Clinical/Pathology/Pathology.aspx,Histopathology,Unclassified by keywords; Added histopathology by rule,NHS,NN1 5BD,4763,2603
Bedfordshire Hospitals NHS Foundation Trust,8212,"Lewsey Road, Luton, Bedfordshire LU4 0DZ, United Kingdom",+44 (0)1582 718308,Pathologyqualityteam@ldh.nhs.uk,http://www.bedfordshirehospitals.nhs.uk,Histopathology,Unclassified by keywords; Added histopathology by rule,NHS,LU4 0DZ,5050,2228
Cambridge University Hospitals NHS Foundation Trust,10003,"Haematopathology and Oncology Diagnostic Services, Addenbrookes Hospital, Hills Road, Cambridge CB2 0QQ, United Kingdom",+44 (0)1223 256443,shamsa.khairani@nhs.net,http://www.cuh.org.uk,Histopathology,Unclassified by keywords; Added histopathology by rule,NHS,CB2 0QQ,5464,2551
Stockport NHS Foundation Trust,9592,"Microbiology Department, Pathology Department, Stepping Hill Hospital, Poplar Grove, Stockport SK2 7JE, United Kingdom",+44 (0) 161 419 5601,Sadie.macmaster@stockport.nhs.uk,,Histopathology,Unclassified by keywords; Added histopathology by rule,NHS,SK2 7JE,3913,3874
Stockport NHS Foundation Trust,9593,"Cellular and Anatomical Pathology, Stepping Hill Hospital, Poplar Grove, Stockport SK2 7JE, United Kingdom",+44 (0)161 419 5623,rachel.rank@stockport.nhs.uk,http://www.stockport.nhs.uk,Histopathology,Unclassified by keywords; Added histopathology by rule,NHS,SK2 7JE,3913,3874
Dartford and Gravesham NHS Trust,8817,"Department of Chemical Pathology, 3rd Floor Pathology Directorate, Darent Valley Hospital, Darenth Wood Road, Dartford, Kent DA2 8DA, United Kingdom",+44 (0) 1322 428492,tracy.wynn@nhs.net,http://www.dvh.nhs.uk/,Histopathology,Unclassified by keywords; Added histopathology by rule,NHS,DA2 8DA,5570,1730
St Georgeâ€™s University Hospitals NHS Foundation Trust,9085,"South West London Pathology, Clinical Blood Sciences, St Georgeâ€™s Hospital, Blackshaw Road, Tooting, London SW17 0QT, United Kingdom",+44 (0)208 725 5920,Temetia.providence-amir@nhs.net,http://www.swlp.nhs.uk,"Biochemistry, Histopathology",Added histopathology by rule,NHS,SW17 0QT,5269,1713
University Hospitals Birmingham NHS Foundation Trust,8759,"Molecular Pathology Department, Clinical Laboratory Services, Queen Elizabeth Hospital, Mindelsohn Way, Edgbaston, Birmingham B15 2WB, United Kingdom",+44 (0) 121 371 3825,Satveer.Sandhu@uhb.nhs.uk,http://www.uhb.nhs.uk,Histopathology,Unclassified by keywords; Added histopathology by rule,NHS,B15 2WB,4040,2835
Imperial College Healthcare NHS Trust operating as North West London Pathology,9615,"Charing Cross Hospital, Rm 2L20, Pathology Quality Office, Fulham Palace Road, London W6 8RF, United Kingdom",+44 (0) 20 8321 6153,helen.hobson1@nhs.net,https://www.NWLPathology.nhs.uk,Histopathology,Unclassified by keywords; Added histopathology by rule,NHS,W6 8RF,5236,1779
Imperial College Healthcare NHS Trust operating as North West London Pathology,8673,"North West London Pathology, 2nd Floor Laboratory Block, Charing Cross Hospital, Imperial College Healthcare NHS Trust, London W6 8RF, United Kingdom",,amal.bashir@nhs.net,http://www.imperial.nhs.uk/about-us,Histopathology,Unclassified by keywords; Added histopathology by rule,NHS,W6 8RF,5236,1779
HSL (Analytics) LLP,9106,"Chemical Pathology, West Hertfordshire Hospitals NHS Trust, Watford General Hospital, Vicarage Road, Watford, Hertfordshire WD18 0HB, United Kingdom",+44 (0) 020 7307 7342,Andrew.Clarke@hslpathology.com,http://www.hslpathology.com,Histopathology,Unclassified by keywords; Added histopathology by rule,NHS,WD18 0HB,5105,1956
University Hospital Southampton NHS Foundation Trust,8149,"Southampton General Hospital, Pathology Department, Tremona Road, Southampton SO16 6YD, United Kingdom",+44 (0) 23 8120 6709,Rob.Rowe@uhs.nhs.uk,https://www.uhspathology.co.uk,Histopathology,Unclassified by keywords; Added histopathology by rule,NHS,SO16 6YD,4397,1149
University Hospitals Southampton NHS Foundation Trust,8483,"Southampton General Hospital, Pathology Department, Tremona Road, Southampton SO16 6YD, United Kingdom",+44 (0)23 8120 6709,Rob.Rowe@uhs.nhs.uk,http://www.uhs.nhs.uk,Histopathology,Unclassified by keywords; Added histopathology by rule,NHS,SO16 6YD,4397,1149
Manchester University NHS Foundation Trust,8648,"Cellular Pathology, Clinical Sciences Building 2, Manchester Royal Infirmary, Oxford Road, Manchester M13 9WL, United Kingdom",+44 (0)161 276 6138,john.hayes@mft.nhs.uk,https://mft.nhs.uk/,Histopathology,Unclassified by keywords; Added histopathology by rule,NHS,M13 9WL,3849,3962
NHS Forth Valley,9105,"Department of Cellular Pathology, Forth Valley Royal Hospital, Stirling Road, Larbert FK5 4WR, United Kingdom",+44 (0) 1324 566644,leigh.ritchie@nhs.scot,,Histopathology,Unclassified by keywords; Added histopathology by rule,NHS,FK5 4WR,2849,6828
HSL (Analytics) LLP,9306,"The Michael Letcher Department of Cellular Patholo, The Princess Alexandra Hospital NHS Trust, Hamstel Road, Harlow, Essex CM20 1QX, United Kingdom",+44 (0) 020 7307 7342,Andrew.Clarke@hslpathology.com,http://www.hslpathology.com,Histopathology,Unclassified by keywords; Added histopathology by rule,NHS,CM20 1QX,5441,2101
Blackpool Teaching Hospitals NHS Foundation Trust,9009,"Department of Cellular Pathology, Blackpool Teaching Hospitals NHS Foundation Trust, Victoria Hospital, Whinney Heys Road, Blackpool FY3 8NR, United Kingdom",+44 (0) 1253 953 151 / +44 (0) 1253 956 949,dr.golka@nhs.net,http://www.bfwh.nhs.uk,Histopathology,Unclassified by keywords; Added histopathology by rule,NHS,FY3 8NR,3331,4365
North Bristol NHS Trust,8099,"Department of Microbiology, Pathology Building, Southmead Hospital,, Southmead, Bristol BS10 5NB, United Kingdom",+44 (0)117 414 6251,Deborah.Williams2@nbt.nhs.uk,http://www.nbt.nhs.uk,Histopathology,Unclassified by keywords; Added histopathology by rule,NHS,BS10 5NB,3590,1774
University Hospitals Coventry and Warwickshire NHS Trust,8721,"Coventry and Warwick Pathology Service, Department of Microbiology, Clifford Bridge Road, Walsgrave, Coventry CV2 2DX, United Kingdom",+44 (0)2476 965 472,steven.laird@uhcw.nhs.uk,http://www.uhcw.nhs.uk/for-gps/pathology-services,Histopathology,Unclassified by keywords; Added histopathology by rule,NHS,CV2 2DX,4382,2805
Nottingham University Hospitals NHS Trust,8162,"Cellular Pathology, City Hospitals, Hucknall Road, Nottingham NG5 1PB, United Kingdom",+44 (0) 0115 9249924 Ext 83530/76938,Paul.Chenery@nuh.nhs.uk,http://www.nuh.nhs.uk/healthcare-professionals/pathology/,Histopathology,Unclassified by keywords; Added histopathology by rule,NHS,NG5 1PB,4565,3440
University Hospital Southampton NHS Foundation Trust,8178,"Department of Cellular Pathology, MP002 Level E, Pathology Block, Southampton General Hospital, Tremona Road, Southampton SO16 6YD, United Kingdom",+44 (0) 2381 205924,susan.shaw@uhs.nhs.uk,,Histopathology,Unclassified by keywords; Added histopathology by rule,NHS,SO16 6YD,4397,1149
University Hospital Southampton NHS Foundation Trust,9194,"Molecular Pathology, Duthie Link Building, Mailpoint 225, University Hospital Southampton NHS Foundation Tru, Tremona Road, Southampton, Hampshire SO16 6YD, United Kingdom",+44 (0) 2381206976,Rob.Rowe@uhs.nhs.uk,http://www.uhspathology.co.uk,Histopathology,Unclassified by keywords; Added histopathology by rule,NHS,SO16 6YD,4397,1149
Sheffield Teaching Hospitals NHS Foundation Trust,8093,"Paediatric Histopathology, Western Bank, Sheffield S10 2TH, United Kingdom",+44 (0)114 3053885,sth.sybpqrg@nhs.net,https://www.sheffieldchildrens.nhs.uk/laboratory-medicine/,Histopathology,Unclassified by keywords; Added histopathology by rule,NHS,S10 2TH,4339,3872
Dartford and Gravesham NHS Trust,9746,"Department of Haematology and Blood Transfusion, 3rd Floor Pathology Directorate, Darent Valley Hospital, Darenth Wood Road, Dartford, Kent DA2 8DA, United Kingdom",+44 (0) 1322 428492,tracy.wynn@nhs.net,http://www.dvh.nhs.uk,"Haematology, Histopathology",Added histopathology by rule,NHS,DA2 8DA,5570,1730
Isle of Wight NHS Trust,9437,"Blood Sciences, Pathology Department, St. Maryâ€™s Hospital, Newport, Isle of Wight PO30 5TG, United Kingdom",+44 (0) 1983 822099 ext 3575,peter.stockman1@nhs.net,http://www.iow.nhs.uk/,"Biochemistry, Histopathology",Added histopathology by rule,NHS,PO30 5TG,4494,903
East Suffolk and North Essex NHS Foundation Trust (ESNEFT),9316,"Histopathology, Ipswich Hospital, Heath Road, Ipswich, Suffolk IP4 5PD, United Kingdom",+44 (0) 1473 703227,lynn.partridge@esneft.nhs.uk,,Histopathology,Unclassified by keywords; Added histopathology by rule,NHS,IP4 5PD,6193,2446
NHS Lothian,8698,"Pathology, Royal Infirmary of Edinburgh, 51 Little France Crescent, Edinburgh EH16 4UX, United Kingdom",,Bernard.Lawless@nhslothian.scot.nhs.uk,,Histopathology,Unclassified by keywords; Added histopathology by rule,NHS,EH16 4UX,3295,6702
University Hospitals of North Midlands NHS Trust,8520,"Department of Infection Sciences, North Midlands and Cheshire Pathology Service, Royal Stoke University Hospital, Main Building â€“ Floor 2, Newcastle Road, Stoke-on-Trent, Staffordshire ST4 6QG, United Kingdom",+44 (0)1782 679664,Emma.Clewlow@uhnm.nhs.uk,http://www.uhnm.nhs.uk,"Histopathology, Microbiology",Added histopathology by rule,NHS,ST4 6QG,3858,3451
Warrington and Halton Teaching Hospitals NHS Foundation Trust,9560,"Pathology Department, Warrington Hospital, Lovely Lane, Warrington WA5 1QG, United Kingdom",+44 (0)1925 275592,s.acton1@nhs.net,http://www.whh.nhs.uk/ServiceCatInfo.asp?id=31,Histopathology,Unclassified by keywords; Added histopathology by rule,NHS,WA5 1QG,3594,3887
St Georgeâ€™s University Hospitals NHS Foundation Trust,9913,"St George's Healthcare NHS Trust, Cellular Pathology, Blackshaw Road, London SW17 0QT, United Kingdom",+44 020 8725 3094,malika.benatti@stgeorges.nhs.uk,http://www.stgeorges.nhs.uk,Histopathology,Unclassified by keywords; Added histopathology by rule,NHS,SW17 0QT,5269,1713
Royal Devon University Healthcare NHS Foundation Trust,9100,"Pathology Department, North Devon District Hospital, Raleigh Park, Barnstaple EX31 4JB, United Kingdom",+44 (0)1271 335758,davidlea@nhs.net,https://www.royaldevon.nhs.uk/services/pathology/,Histopathology,Unclassified by keywords; Added histopathology by rule,NHS,EX31 4JB,2565,1345
Norfolk and Norwich University Hospitals NHS Foundation Trust trading as Eastern Pathology Alliance,10296,"Microbiology, Norwich Research Park Innovation Centre (NRPIC), Colney, Norwich NR4 7GJ, United Kingdom",+44 (0) 1603 286900,Fiona.Butcher@nnuh.nhs.uk,,Histopathology,Unclassified by keywords; Added histopathology by rule,NHS,NR4 7GJ,6183,3078
East Sussex Healthcare NHS Trust,8790,"Cellular Pathology, Conquest Hospital, The Ridge, St Leonards on Sea TN37 7RD, United Kingdom",+44 (0) 1424 755255 ex 8789 / +44 (0) 3001 314497,c.hendon-dunn@nhs.net,https://www.esh.nhs.uk,Histopathology,Unclassified by keywords; Added histopathology by rule,NHS,TN37 7RD,5806,1126
The Shrewsbury & Telford Hospital NHS Trust,9038,"Department of Pathology, Royal Shrewsbury Hospital, Mytton Oak Road, Shrewsbury SY3 8XQ, United Kingdom",(+44) 01743 261000 ex3720,victoria.banton@nhs.net,http://www.sath.nhs.uk/services/pathology/default.aspx,Histopathology,Unclassified by keywords; Added histopathology by rule,NHS,SY3 8XQ,3464,3126
Barts Health NHS Trust as the host of NHS East and South East London Pathology Partnership,8285,"Pathology, Barts Health NHS Trust, Pathology and Pharmacy Building, Royal London Hospital, 80 Newark Street, London E1 2ES, United Kingdom",+44 (0)20 3246 3030,heather.dolphin@nhs.net,http://www/bartshealth.nhs.uk,Histopathology,Unclassified by keywords; Added histopathology by rule,NHS,E1 2ES,5349,1815
Cambridge University Hospitals NHS Foundation Trust,8038,"Histopathology CUHFT, Box 235, Addenbrookes Hospital, Hills Road, Cambridge CB2 0QQ, United Kingdom",+44 (0) 1223 256100,zahrah.rosun@nhs.net,https://www.cuh.nhs.uk/services/histopathology-and-cytology,Histopathology,Unclassified by keywords; Added histopathology by rule,NHS,CB2 0QQ,5464,2551
Royal United Hospitals Bath NHS Foundation Trust,9403,"Department of Pathology , Combe Park, Bath BA1 3NG, United Kingdom",+44 (0)1225 821770,wayne.vietri@nhs.net,http://www.ruh.nhs.uk,Histopathology,Unclassified by keywords; Added histopathology by rule,NHS,BA1 3NG,3728,1659
Hampshire Hospitals NHS Foundation Trust,8082,"Pathology, Basingstoke & North Hampshire Hospital, Aldermaston Road, Basingstoke RG24 9NA, United Kingdom",+44 (0) 1256 262119,eloise.clarke@hhft.nhs.uk,http://www.hampshirehospitals.nhs.uk,Histopathology,Unclassified by keywords; Added histopathology by rule,NHS,RG24 9NA,4621,1538
Kingston and Richmond NHS Foundation Trust,8132,"Cellular Pathology, Level 2, Esher Wing, Kingston Hospital, Galsworthy Road, Kingston upon Thames KT2 7QB, United Kingdom",+44 (0)208 934 3165,marosadel.salita@nhs.net,http://www.kingstonhospital.nhs.uk,Histopathology,Unclassified by keywords; Added histopathology by rule,NHS,KT2 7QB,5195,1698
The Mid Yorkshire Teaching NHS Trust,9058,"Blood Science Department, Pathology, Pinderfields Hospital, Aberford Road, Wakefield WF1 4DG, United Kingdom",+44 (0) 1924 317003,enalyor1@nhs.net,http://www.midyorks.nhs.uk/,Histopathology,Unclassified by keywords; Added histopathology by rule,NHS,WF1 4DG,4338,4218
Isle of Wight NHS Trust,8954,"Department of Cellular Pathology, St. Maryâ€™s Hospital, Newport, Isle of Wight PO30 5TG, United Kingdom",,helen.tasker@nhs.net,http://www.iow.nhs.uk,Histopathology,Unclassified by keywords; Added histopathology by rule,NHS,PO30 5TG,4494,903
The Royal Wolverhampton NHS Trust operating as Black Country Pathology Services,8663,"Department of Biochemistry, Pathology Centre C37, New Cross Hospital, Wolverhampton Road, Wolverhampton WV10 0QP, United Kingdom",+44 (0)1902 07999 ext. 8247,katy.new@nhs.net,http://www.royalwolverhampton.nhs.uk,Histopathology,Unclassified by keywords; Added histopathology by rule,NHS,WV10 0QP,3936,3002
St Georgeâ€™s University Hospitals NHS Foundation Trust,9810,"Division of Infection and Immunity, Department of Medical Microbiology, South West London Pathology, St Georgeâ€™s University Hospital, Blackshaw Road, Tooting, London SW17 0QT, United Kingdom",+44 (0) 20 8725 5176,Jokotade.alli-balogun@stgeorges.nhs.uk,https://www.swlpath.nhs.uk,"Histopathology, Microbiology",Added histopathology by rule,NHS,SW17 0QT,5269,1713
East Kent Hospitals University NHS Foundation Trust,9246,"Cellular Pathology, East Kent Hospitals University NHS Foundation Trust, William Harvey Hospital, Kennington Road, Willesborough, Ashford, Kent TN24 0LZ, United Kingdom",+44 (0)1233 616 213,naomi.rogers@nhs.net,http://www.ekhuft.nhs.uk,Histopathology,Unclassified by keywords; Added histopathology by rule,NHS,TN24 0LZ,6040,1420
The Shrewsbury & Telford Hospital NHS Trust,8858,"Department of Pathology, Royal Shrewsbury Hospital, Mytton Oak Road, Shrewsbury SY3 8XQ, United Kingdom",+44 (0) 1743 261000 Ext 3720,victoria.banton@nhs.net,http://www.sath.nhs.uk,Histopathology,Unclassified by keywords; Added histopathology by rule,NHS,SY3 8XQ,3464,3126
Mersey and West Lancashire Teaching Hospitals NHS Trust,8908,"Pathology Directorate, Nightingale House, Whiston Hospital, Warrington Road, Prescot, Merseyside L35 5DR, United Kingdom",+44 (0) 151 430 1822,kevin.mclachlan@merseywestlancs.nhs.uk,https://www.merseywestlancs.nhs.uk/,Histopathology,Unclassified by keywords; Added histopathology by rule,NHS,L35 5DR,3479,3918
Nottingham University Hospitals NHS Trust,8848,"Clinical Pathology Laboratory, Queenâ€™s Medical Campus, Nottingham NG7 2UH, United Kingdom",+44 (0) 7812276666,kathryn.saunders6@nhs.net,http://www.nuh.nhs.uk,Histopathology,Unclassified by keywords; Added histopathology by rule,NHS,NG7 2UH,4548,3388
Sherwood Forest Hospitals NHS Foundation Trust,8705,"Cellular Pathology, Kingâ€™s Mill Hospital, Mansfield Road, Sutton in Ashfield, Nottinghamshire NG17 4JL, United Kingdom",+44 (0) 1623 622515 ext 2537,jacqueline.varley2@nhs.net,http://www.sfh-tr.nhs.uk,Histopathology,Unclassified by keywords; Added histopathology by rule,NHS,NG17 4JL,4513,3599
University Hospitals of Derby and Burton NHS Foundation Trust operating as Derbyshire Pathology,9308,"Royal Derby Hospital, Uttoxeter Road, Derby, Derbyshire DE22 3NE, United Kingdom",+44 (0)1332 789316,,http://www.derbyhospitals.nhs.uk,Histopathology,Unclassified by keywords; Added histopathology by rule,NHS,DE22 3NE,4328,3348
Great Ormond Street Hospital for Children NHS Foundation Trust,8634,"Department of Immunology, Pathology Department, Camelia Botnar Laboratories, London WC1N 3JH, United Kingdom",+44 (0)20 7829 8835,Kimberley.Gilmour@gosh.nhs.uk,https://www.gosh.nhs.uk/wards-and-departments/departments/laboratory-medicine/,Histopathology,Unclassified by keywords; Added histopathology by rule,NHS,WC1N 3JH,5305,1820
The Royal Wolverhampton NHS Trust operating as Black Country Pathology Services,8657,"Department of Haematology, Pathology Centre C37, New Cross Hospital, Wolverhampton Road, Wolverhampton WV10 0QP, United Kingdom",+44 (0)1902 307999 ext.88247,katy.new@nhs.net,http://www.royalwolverhampton.nhs.uk,Histopathology,Unclassified by keywords; Added histopathology by rule,NHS,WV10 0QP,3936,3002
NHS Tayside,8682,"Pathology Department, Level 6, Ninewells Hospital, Dundee DD1 9SY, United Kingdom",+44 (0)1382 632666,nicola.robson@nhs.scot,https://www.nhstayside.scot.nhs.uk,Histopathology,Unclassified by keywords; Added histopathology by rule,NHS,DD1 9SY,3390,7303
North Bristol NHS Trust,8130,"Cellular Pathology, Southmead Hospital, Westbury on Trym, Bristol, United Kingdom",+44 (0) 117 41 49849,saima.rasib@nbt.nhs.uk,https://www.nbt.nhs.uk/severn-pathology,Histopathology,Unclassified by keywords; Added histopathology by rule,NHS,BS10 5NB,3590,1774
Aneurin Bevan University Health Board,10338,"Cellular Pathology Department, Royal Gwent Hospital, Cardiff Road, Newport NP20 2UB, United Kingdom",+44 (0)1633 234513,Gwenan.Jones2@wales.nhs.uk,http://www.wales.nhs.uk/sitesplus/866/home,Histopathology,Unclassified by keywords; Added histopathology by rule,NHS,NP20 2UB,3309,1872
The Newcastle-upon-Tyne Hospitals NHS Foundation Trust,8534,"Department of Cellular Pathology, Level 3, New Victoria Wing, Royal Victoria Infirmary, Queen Victoria Road, Newcastle upon Tyne NE1 4LP, United Kingdom",+44 (0)191 2824445,Emma.Doran3@nhs.uk,http://www.newcastlelaboratories.com,Histopathology,Unclassified by keywords; Added histopathology by rule,NHS,NE1 4LP,4244,5651
Great Ormond Street Hospital for Children NHS Foundation Trust,8675,"Department of Microbiology & Virology, Pathology Department, Camelia Botnar Laboratories, London WC1N 3JH, United Kingdom",+44 (0)20 7813 4583,James.Hatcher@gosh.nhs.uk,https://www.gosh.nhs.uk/wards-and-departments/departments/laboratory-medicine/,Histopathology,Unclassified by keywords; Added histopathology by rule,NHS,WC1N 3JH,5305,1820
St Georgeâ€™s University Hospitals NHS Foundation Trust,9745,"South West London Pathology (SWLP), Protein Reference Unit and Immunology Department, Jenner Wing, St Georgeâ€™s Hospital, Blackshaw Road, Tooting, London SW17 0QT, United Kingdom",+44 (0) 20 8266 6182,Laura.Kirsopp@stgeorges.nhs.uk,http://www.swlpath.nhs.uk,Histopathology,Unclassified by keywords; Added histopathology by rule,NHS,SW17 0QT,5269,1713
Frimley Health NHS Foundation Trust,9734,"Department of Microbiology, Pathology Department, Wexham Park Hospital, Wexham, Slough SL2 4HL, United Kingdom",01276 522194 / 01276 522541 / 01276 522175,fph-tr.bspsquality@nhs.net,http://www.nhspathology.fph.nhs.uk,Histopathology,Unclassified by keywords; Added histopathology by rule,NHS,SL2 4HL,4990,1824
Frimley Health NHS Foundation Trust,9733,"Blood Science Department, Pathology Department, Wexham Park Hospital, Wexham, Slough SL2 4HL, United Kingdom",+44 (0) 1932 723042 / 01753 633098,fph-tr.bspsquality@nhs.net,http://www.nhspathology.fph.nhs.uk,Histopathology,Unclassified by keywords; Added histopathology by rule,NHS,SL2 4HL,4990,1824
Wye Valley NHS Trust,8628,"Pathology Department, Hereford County Hospital, Union Walk, Hereford HR1 2ER, United Kingdom",+44 (0) 1432 364040,james.pethick@wvt.nhs.uk,http://www.wyevalley.nhs.uk,Histopathology,Unclassified by keywords; Added histopathology by rule,NHS,HR1 2ER,3515,2402
Wirral University Teaching Hospital NHS Foundation Trust,8836,"Cellular Pathology, Department of Cellular Pathology, Arrowe Park Hospital, Arrowe Park Road, Wirral CH49 5PE, United Kingdom",+44 (0)151 604 7025,alistair.armstrong@nhs.net,http://www.wuth.nhs.uk,Histopathology,Unclassified by keywords; Added histopathology by rule,NHS,CH49 5PE,3271,3864
The North Bristol NHS Trust,8066,"Department of Haematology & Blood Transfusion, Pathology Sciences Building, Southmead Hospital, Westbury on Trym, Bristol BS10 5NB, United Kingdom",+44 (0) 117 4148354,halina.collingbourne@nbt.nhs.uk,http://www.nbt.nhs.uk/severnpathology,"Haematology, Histopathology",Added histopathology by rule,NHS,BS10 5NB,3590,1774
Oxford University Hospitals NHS Foundation Trust,9642,"Neuropathology and Ocular Pathology Department, Level 1, West Wing, John Radcliffe Hospital, Headley Way, Headington, Oxford OX3 9DU, United Kingdom",+44 (0)1865 231466,clara.limbaeck@ouh.nhs.uk,http://ouh.nhs.uk/services/departments/neurosciences/neuropathology,Histopathology,Unclassified by keywords; Added histopathology by rule,NHS,OX3 9DU,4539,2075
Torbay and South Devon NHS Foundation Trust,8914,"Histopathology Department, South Devon Healthcare NHS Foundation Trust, Lowes Bridge, Torquay, Devon TQ2 7AA, United Kingdom",+44 (0)1803 655261,nikki.harwood@nhs.net,http://www.sdhct.nhs.uk,Histopathology,Unclassified by keywords; Added histopathology by rule,NHS,TQ2 7AA,2898,658
University Hospitals of Morecambe Bay NHS Foundation Trust,9639,"Royal Lancaster Infirmary, New Pathology Lab, Ashton Road, Lancaster, Lancashire LA1 4RP, United Kingdom",+44 (0)1229 491279,Stephen.mcdonald@mbht.nhs.uk,https://www.uhmb.nhs.uk/our-services/pathology,Histopathology,Unclassified by keywords; Added histopathology by rule,NHS,LA1 4RP,3477,4610
The Royal Wolverhampton NHS Trust operating as Black Country Pathology Services,8655,"Department of Microbiology, Pathology Centre C37, New Cross Hospital, Wolverhampton Road, Wolverhampton WV10 0QP, United Kingdom",+44 (0)1902 07999 ext. 8247,katy.new@nhs.net,https://https//www.royalwolverhampton.nhs.uk,Histopathology,Unclassified by keywords; Added histopathology by rule,NHS,WV10 0QP,3936,3002
Royal Wolverhampton NHS Trust operating as Black Country Pathology Services,8407,"City Hospital, Dudley Road, Birmingham B18 7QH, United Kingdom",+44 (0)121 507 4227 Ext 4363,katy.new@nhs.net,,Histopathology,Unclassified by keywords; Added histopathology by rule,NHS,B18 7QH,4046,2878
Integrated Pathology Solutions LLP,9033,"Airedale NHS Foundation Trust, Skipton Road, Steeton, West Yorkshire BD20 6TD, United Kingdom",+44 (0) 1535 293447,Jayne.Buckley4@nhs.net,http://www.airedale-trust.nhs.uk,Histopathology,Unclassified by keywords; Added histopathology by rule,NHS,BD20 6TD,4025,4446
Norfolk and Norwich University Hospital NHS Foundation Trust trading as Eastern Pathology Alliance,10295,"Norfolk and Norwich University Hospital, Colney Lane, Norwich NR4 7UY, United Kingdom",+44 (0)1603 286900,Fiona.Butcher@nnuh.nhs.uk,,Histopathology,Unclassified by keywords; Added histopathology by rule,NHS,NR4 7UY,6181,3070
University Hospitals Plymouth NHS Trust,9881,"Cellular and Anatomical Pathology, University Hospitals Plymouth NHS Trust, Derriford Hospital, Plymouth PL6 8DH, United Kingdom",+44 (0)1752430097,lee.tuddenham1@nhs.net,http://www.plymouthhospitals.nhs.uk,Histopathology,Unclassified by keywords; Added histopathology by rule,NHS,PL6 8DH,2499,595
Gateshead Health NHS Foundation Trust operating as South of Tyne & Wear Clinical Pathology Services,9133,"Sheriff Hill, Gateshead, Tyne & Wear NE9 6SX, United Kingdom",+44 (0)191 445 8152,tracey.chrystal1@nhs.net,http://qegateshead.nhs.uk,Histopathology,Unclassified by keywords; Added histopathology by rule,NHS,NE9 6SX,4269,5606
University Hospital Southampton NHS Foundation Trust,8403,"Department of Microbiology, Level B, Pathology Block, Southampton General Hospital, Tremona Road, Southampton SO16 6YD, United Kingdom",+44 (0)23 8120 6408,Diane.Matley@uhs.nhs.uk,,Histopathology,Unclassified by keywords; Added histopathology by rule,NHS,SO16 6YD,4397,1149
Sheffield Teaching Hospitals NHS Foundation Trust,9550,"Doncaster & Bassetlaw NHS Foundation Trust, Pathology Services, Doncaster Royal Infirmary, Armthorpe Road, Doncaster DN2 5LT, United Kingdom",+44 (0)1302 644749 Extn. 644749,andrew.wood24@nhs.net,https://www.dbth.nhs.uk/,Histopathology,Unclassified by keywords; Added histopathology by rule,NHS,DN2 5LT,4591,4041
Shrewsbury & Telford Hospital NHS Trust,8849,"Department of Pathology, Royal Shrewsbury Hospital, Mytton Oak Road, Shrewsbury SY3 8XQ, United Kingdom",+44 (0) 1743 261000 ex3720,victoria.banton@nhs.net,http://www.sath.nhs.uk/wards-services/az-services/pathology/,Histopathology,Unclassified by keywords; Added histopathology by rule,NHS,SY3 8XQ,3464,3126
Bolton NHS Foundation Trust,9927,"Cellular Pathology and Andrology, Bolton Royal Hospital, Minerva Road, Farnworth, Bolton BL4 0JR, United Kingdom",+44 (0)1204 390 390,lewis.hurley@boltonft.nhs.uk,https://www.boltonhospitals.nhs.uk,"Haematology, Histopathology",Added histopathology by rule,NHS,BL4 0JR,3716,4064
Northern Care Alliance NHS Foundation Trust,8601,"Royal Oldham Hospital, Pathology-Biochemisrty Department, Rochdale Road, Oldham OL1 2JH, United Kingdom",+44 (0) 161 656 1679,michelle.hurst@pat.nhs.uk,http://www.pat.nhs.uk,Histopathology,Unclassified by keywords; Added histopathology by rule,NHS,OL1 2JH,3920,4062
Dorset County Hospital NHS Foundation Trust,10011,"Department of Cellular Pathology, Dorset County Hospital, Williams Avenue, Dorchester DT1 2JY, United Kingdom",+44 (0)1305 254326,max.deighton@dchft.nhs.uk,http://www.dchft.nhs.uk,Histopathology,Unclassified by keywords; Added histopathology by rule,NHS,DT1 2JY,3685,904
Epsom and St Helier University Hospitals NHS Trust,8626,"Histopathology, Epsom General Hospital, Dorking Road, Epsom, Surrey KT18 7EG, United Kingdom",+44 (0) 208 296 2144,Michelle.Santos@nhs.net,https://www.epsom-sthelier.nhs.uk,Histopathology,Unclassified by keywords; Added histopathology by rule,NHS,KT18 7EG,5204,1599
County Durham and Darlington NHS Foundation Trust,9717,"Cellular Pathology Department, University Hospital of North Durham, North Road, Durham, County Durham DH1 5TW, United Kingdom",+44 (0) 191 333 2116,rebecca.sedman@nhs.net,http://www.cddft.nhs.uk,Histopathology,Unclassified by keywords; Added histopathology by rule,NHS,DH1 5TW,4262,5438
Great Western Hospitals NHS Foundation Trust,8810,"Department of Cellular Pathology, The Great Western Hospitals NHS Foundation Trust, The Great Western Hospital, Marlborough Road, Swindon SN3 6BB, United Kingdom",+44 (0) 1793 604277,Matthew.long@nhs.net,,Histopathology,Unclassified by keywords; Added histopathology by rule,NHS,SN3 6BB,4190,1822
Cardiff and Vale University Health Board,8987,"Cellular Pathology Department, Cardiff and Vale University Health Board, University Hospital of Wales, Heath Park, Cardiff CF14 4XW, United Kingdom",+44(0)2920744277,Scott.gable@wales.nhs.uk,http://www.cardiffandvaleuhb.wales.nhs.uk/home,Histopathology,Unclassified by keywords; Added histopathology by rule,NHS,CF14 4XW,3175,1793
NHS Lanarkshire,9480,"Department of Cellular Pathology, Monklands Hospital, Airdrie ML6 0JS, United Kingdom",+44 (0)1236 712091,Michelle.semple@lanarkshire.scot.nhs.uk,http://www.nhslanarkshire.org.uk,Histopathology,Unclassified by keywords; Added histopathology by rule,NHS,ML6 0JS,2749,6654
NHS Highland,9611,"Cellular Pathology Department, Zone 3, Raigmore Hospital, Old Perth Road, Inverness IV2 3UJ, United Kingdom",+44 (0) 1463 704265,joanne.brook1@nhs.scot,,Histopathology,Unclassified by keywords; Added histopathology by rule,NHS,IV2 3UJ,2686,8447
Great Ormond Street Hospital for Children NHS Foundation Trust,8661,"Department of Histopathology, Floor 3 Camelia Botnar Laboratories, 85 Lambs Conduit Street, Great Ormond Street, London WC1N 3NN, United Kingdom",+44 (0)2078298663,gos-tr.histopathology@nhs.net,https://www.gosh.nhs.uk/wards-and-departments/departments/laboratory-medicine/,Histopathology,Unclassified by keywords; Added histopathology by rule,NHS,WC1N 3NN,5305,1820
North Bristol NHS Trust,8191,"Department of Neuropathology, Pathology Science Building (Phase II), Southmead Hospital, Bristol BS10 5NB, United Kingdom",+44 (0)117 414 2401,elizabeth.miller@nbt.nhs.uk,http://www.nbt.nhs.uk,Histopathology,Unclassified by keywords; Added histopathology by rule,NHS,BS10 5NB,3590,1774
Salisbury NHS Foundation Trust,8363,"Histopathology Department, Salisbury District Hospital, Odstock Road, Salisbury SP2 8BJ, United Kingdom",+44 (0) 1722 336262 Ext. 2251,jenny.baillie@nhs.net,http://www.salisbury.nhs.uk,Histopathology,Unclassified by keywords; Added histopathology by rule,NHS,SP2 8BJ,4148,1271
Moorfields Eye Hospital NHS Foundation Trust,8609,"Department of Eye Pathology, 1st Floor, Cayton Street Building, UCL Institute of Ophthalmology, 11 - 43 Bath Street, London EC1V 9EL, United Kingdom",+44 (0) 786 078 3526,david.essex2@nhs.net,https://www.moorfields.nhs.uk/for-patients/eye-pathology-department,Histopathology,Unclassified by keywords; Added histopathology by rule,NHS,EC1V 9EL,5325,1826
East Lancashire Hospitals NHS Trust,8136,"Cellular Pathology Department, Royal Blackburn Hospital, Haslingden Road, Blackburn BB2 3HH, United Kingdom",+44 (0) 1254 732488,tina.cuthbertson@elht.nhs.uk,http://www.elht.nhs.uk,Histopathology,Unclassified by keywords; Added histopathology by rule,NHS,BB2 3HH,3695,4266
